{
    "avg_prec": {
        "train": 1.0,
        "test": 0.765578866279693
    },
    "roc_auc": {
        "train": 1.0,
        "test": 0.9202147352832285
    }
}